{"Version":2,"SourceFileDate":132920176948752387,"Flags":["FL_BITMAP_COMPRESSION","FL_BITMAP_MIPMAP","FL_BITMAP_QUALITY_HIGH","FL_BITMAP_PRECOMPUTED_INV_AVG"],"InvAvgColor":[1.4164738655090332,1.4669646024703979,1.4538569450378418],"HasTransp":true}