{"Version":2,"SourceFileDate":132721359639306696,"Flags":["FL_BITMAP_COMPRESSION","FL_BITMAP_MIPMAP","FL_BITMAP_QUALITY_HIGH","FL_BITMAP_PRECOMPUTED_INV_AVG"],"InvAvgColor":[1.9561359882354736,1.954829216003418,1.9595040082931519],"HasTransp":true}