{"Version":2,"SourceFileDate":133475393623775974,"Flags":["FL_BITMAP_COMPRESSION","FL_BITMAP_MIPMAP","FL_BITMAP_QUALITY_HIGH","FL_BITMAP_PRECOMPUTED_INV_AVG"],"InvAvgColor":[1.9706565141677856,1.9709676504135132,1.9737075567245483],"HasTransp":true}