{"Version":2,"SourceFileDate":132922737626222800,"Flags":["FL_BITMAP_COMPRESSION","FL_BITMAP_MIPMAP","FL_BITMAP_QUALITY_HIGH","FL_BITMAP_PRECOMPUTED_INV_AVG"],"InvAvgColor":[2.1501731872558594,4.2569518089294434,4.2569518089294434],"HasTransp":true}